rank,lemma,pos,freq,ipm,ARF,total_freq,source_tags,rows
1,być,verb,1658053.0,20303.12,899629.51,1658053.0,bedzie;fin;impt;inf;pcon;praet,6
2,mieć,verb,557503.0,6826.72,308241.65,557503.0,fin;imps;impt;inf;pcon;praet,6
3,móc,verb,299153.0,3663.18,164235.44,299153.0,fin;inf;pcon;praet,4
4,rok,noun,315221.0,3859.93,152110.99,315221.0,subst,1
5,czas,noun,171564.0,2100.83,97730.17,171564.0,subst,1
6,inny,adjective,150761.0,1846.09,87288.5,150761.0,adj,1
7,chcieć,verb,153137.0,1875.19,78719.82,153137.0,fin;imps;impt;inf;pcon;praet,6
8,człowiek,noun,153640.0,1881.35,75166.92,153640.0,subst,1
9,mówić,verb,149084.0,1825.57,74928.3,149084.0,fin;imps;impt;inf;pcon;praet,6
10,zostać,verb,137024.0,1677.88,73158.01,137024.0,fin;impt;inf;pant;praet,5
11,raz,noun,124639.0,1526.22,69639.71,124639.0,subst,1
12,pierwszy,adjective,117548.0,1439.39,67108.64,117548.0,adj,1
13,musieć,verb,122904.0,1504.98,66328.54,122904.0,fin;imps;inf;pcon;praet,5
14,cały,adjective,106781.0,1307.55,62745.93,106781.0,adj,1
15,wiedzieć,verb,132354.0,1620.69,61465.83,132354.0,fin;imps;impt;inf;pcon;praet,6
16,życie,noun,112528.0,1377.92,57075.02,112528.0,subst,1
17,miejsce,noun,101785.0,1246.37,54808.72,101785.0,subst,1
18,dzień,noun,110040.0,1347.46,54465.6,110040.0,subst,1
19,nowy,adjective,110416.0,1352.06,54337.29,110416.0,adj;adja;adjp,3
20,duży,adjective,96444.0,1180.97,52916.13,96444.0,adj,1
21,dobry,adjective,92719.0,1135.36,51335.88,92719.0,adj,1
22,drugi,adjective,87972.0,1077.23,51301.24,87972.0,adj,1
23,powiedzieć,verb,100145.0,1226.29,46665.51,100145.0,fin;imps;impt;inf;pant;praet,6
24,stać,verb,81980.0,1003.86,45220.77,81980.0,fin;impt;inf;pant;pcon;praet,6
25,strona,noun,82037.0,1004.56,44890.08,82037.0,subst,1
26,sprawa,noun,90022.0,1102.33,44832.7,90022.0,subst,1
27,koniec,noun,74948.0,917.75,43002.6,74948.0,subst,1
28,praca,noun,100104.0,1225.79,42696.5,100104.0,subst,1
29,osoba,noun,93036.0,1139.24,41768.66,93036.0,subst,1
30,świat,noun,81304.0,995.58,39360.64,81304.0,subst,1
31,polski,adjective,98164.0,1202.03,37787.35,98164.0,adj;adja;adjp,3
32,dom,noun,79984.0,979.42,35755.51,79984.0,subst,1
33,kolejny,adjective,64582.0,790.82,35732.02,64582.0,adj,1
34,Polska,noun,89502.0,1095.97,35553.98,89502.0,subst,1
35,zacząć,verb,68133.0,834.3,34879.62,68133.0,fin;imps;impt;inf;pant;praet,6
36,dziecko,noun,92769.0,1135.97,33618.51,92769.0,subst,1
37,wielki,adjective,62534.0,765.74,33444.75,62534.0,adj,1
38,chwila,noun,68157.0,834.59,33315.52,68157.0,subst,1
39,sposób,noun,60608.0,742.15,32863.01,60608.0,subst,1
40,zrobić,verb,62171.0,761.29,32422.16,62171.0,fin;imps;impt;inf;pant;praet,6
41,ostatni,adjective,57014.0,698.15,32344.05,57014.0,adj,1
42,znaleźć,verb,53924.0,660.3,30785.43,53924.0,fin;imps;impt;inf;pant;praet,6
43,powinien,verb,56812.0,695.67,30039.24,56812.0,fin;praet;winien,3
44,dać,verb,54277.0,664.63,29809.99,54277.0,fin;imps;impt;inf;pant;praet,6
45,widzieć,verb,59946.0,734.05,29627.7,59946.0,fin;imps;inf;pcon;praet,5
46,robić,verb,55917.0,684.72,29423.77,55917.0,fin;imps;impt;inf;pcon;praet,6
47,słowo,noun,58157.0,712.14,28903.96,58157.0,subst,1
48,mały,adjective,52213.0,639.36,28680.88,52213.0,adj;adjp,2
49,ważny,adjective,52766.0,646.13,28602.64,52766.0,adj,1
50,oko,noun,61242.0,749.92,28428.48,61242.0,subst,1
51,ręka,noun,57557.0,704.79,28299.86,57557.0,subst,1
52,głowa,noun,62389.0,763.96,28192.95,62389.0,subst,1
53,własny,adjective,51095.0,625.67,27982.37,51095.0,adj,1
54,droga,noun,54506.0,667.43,26886.34,54506.0,subst,1
55,miasto,noun,66415.0,813.26,26751.07,66415.0,subst,1
56,chodzić,verb,49528.0,606.48,26517.89,49528.0,fin;imps;impt;inf;pcon;praet,6
57,część,noun,50310.0,616.05,26252.79,50310.0,subst,1
58,rzecz,noun,47220.0,578.22,25762.49,47220.0,subst,1
59,pan,noun,82288.0,1007.63,25435.49,82288.0,depr;subst,2
60,kobieta,noun,69089.0,846.01,25389.05,69089.0,subst,1
61,stary,adjective,48516.0,594.09,25116.22,48516.0,adj;adja,2
62,sytuacja,noun,49202.0,602.49,25039.25,49202.0,subst,1
63,stan,noun,44934.0,550.22,23832.8,44934.0,subst,1
64,problem,noun,45480.0,556.91,23012.35,45480.0,subst,1
65,wysoki,adjective,43525.0,532.97,22992.28,43525.0,adj;adjp,2
66,prawo,noun,57323.0,701.93,22823.4,57323.0,subst,1
67,prosty,adjective,41807.0,511.94,22660.63,41807.0,adj;adjp,2
68,należeć,verb,42952.0,525.95,22619.39,42952.0,fin;inf;pcon;praet,4
69,myśleć,verb,45480.0,556.91,22302.57,45480.0,fin;imps;impt;inf;pcon;praet,6
70,młody,adjective,43595.0,533.83,21737.24,43595.0,adj,1
71,uwaga,noun,36749.0,450.0,20734.51,36749.0,subst,1
72,kraj,noun,49112.0,601.38,20585.04,49112.0,subst,1
73,wydawać,verb,38912.0,476.48,20542.44,38912.0,fin;imps;impt;inf;pcon;praet,6
74,przypadek,noun,41326.0,506.04,20283.1,41326.0,subst,1
75,iść,verb,40502.0,495.95,20030.13,40502.0,fin;impt;inf;pcon;praet,5
76,początek,noun,34993.0,428.5,19983.55,34993.0,subst,1
77,pewien,adjective,36895.0,451.79,19826.18,36895.0,adj,1
78,rodzina,noun,43872.0,537.22,19620.24,43872.0,subst,1
79,historia,noun,41583.0,509.19,19613.26,41583.0,subst,1
80,różny,adjective,36461.0,446.47,19276.93,36461.0,adj,1
81,środek,noun,35305.0,432.32,18604.24,35305.0,subst,1
82,czuć,verb,41261.0,505.25,18435.49,41261.0,fin;impt;inf;pcon;praet,5
83,zmiana,noun,40654.0,497.81,18429.48,40654.0,subst,1
84,mężczyzna,noun,46299.0,566.94,18364.67,46299.0,subst,1
85,temat,noun,35160.0,430.54,18335.84,35160.0,subst,1
86,godzina,noun,37242.0,456.03,18334.28,37242.0,subst,1
87,głos,noun,39370.0,482.09,18241.63,39370.0,subst,1
88,cel,noun,36415.0,445.91,18024.6,36415.0,subst,1
89,siła,noun,33981.0,416.1,17811.69,33981.0,subst,1
90,czekać,verb,34035.0,416.77,17708.06,34035.0,fin;imps;impt;inf;pcon;praet,6
91,znać,verb,33745.0,413.21,17689.62,33745.0,fin;imps;impt;inf;pcon;praet,6
92,powód,noun,31818.0,389.62,17616.58,31818.0,subst,1
93,udać,verb,31360.0,384.01,17561.28,31360.0,fin;imps;impt;inf;pant;praet,6
94,pomoc,noun,34094.0,417.49,17371.95,34094.0,subst,1
95,moment,noun,31787.0,389.24,17250.5,31787.0,subst,1
96,miesiąc,noun,33596.0,411.39,17123.39,33596.0,subst,1
97,wyglądać,verb,33695.0,412.6,17116.56,33695.0,fin;impt;inf;pcon;praet,5
98,zły,adjective,31208.0,382.15,17075.27,31208.0,adj,1
99,państwo,noun,49902.0,611.06,17010.04,49902.0,subst,1
100,pytanie,noun,32932.0,403.26,17008.6,32932.0,subst,1
101,pisać,verb,36967.0,452.65,16956.66,36967.0,fin;imps;impt;inf;pcon;praet,6
102,wiek,noun,35423.0,433.76,16719.17,35423.0,subst,1
103,okazać,verb,29840.0,365.4,16671.43,29840.0,fin;imps;impt;inf;pant;praet,6
104,prawda,noun,32564.0,398.75,16603.29,32564.0,subst,1
105,przykład,noun,33663.0,412.21,16555.12,33663.0,subst,1
106,związek,noun,34422.0,421.5,16453.78,34422.0,subst,1
107,żyć,verb,30906.0,378.46,16299.51,30906.0,fin;impt;inf;pcon;praet,5
108,długi,adjective,27860.0,341.15,15912.38,27860.0,adj,1
109,władza,noun,40386.0,494.53,15668.68,40386.0,subst,1
110,grupa,noun,35178.0,430.76,15590.06,35178.0,subst,1
111,prowadzić,verb,28144.0,344.63,15589.32,28144.0,fin;imps;impt;inf;pcon;praet,6
112,wziąć,verb,28041.0,343.36,15557.09,28041.0,fin;imps;impt;inf;pant;praet,6
113,pani,noun,53214.0,651.61,15525.14,53214.0,depr;subst,2
114,dawać,verb,27862.0,341.17,15487.97,27862.0,fin;imps;impt;inf;pcon;praet,6
115,wrócić,verb,30738.0,376.39,15458.74,30738.0,fin;imps;impt;inf;pant;praet,6
116,myśl,noun,31016.0,379.8,15439.58,31016.0,subst,1
117,pracować,verb,29794.0,364.82,15370.37,29794.0,fin;imps;impt;inf;pcon;praet,6
118,rozmowa,noun,29728.0,364.02,15215.46,29728.0,subst,1
119,zobaczyć,verb,29796.0,364.87,15214.98,29796.0,fin;imps;impt;inf;pant;praet,6
120,zdanie,noun,27995.0,342.8,15089.72,27995.0,subst,1
121,ojciec,noun,42794.0,524.02,14893.64,42794.0,subst,1
122,pamiętać,verb,30286.0,370.86,14885.15,30286.0,fin;imps;impt;inf;pcon;praet,6
123,uważać,verb,28053.0,343.52,14740.28,28053.0,fin;imps;impt;inf;pcon;praet,6
124,książka,noun,39703.0,486.17,14712.3,39703.0,subst,1
125,pełny,adjective,25452.0,311.66,14703.73,25452.0,adj;adjc;adjp,3
126,wyjść,verb,27842.0,340.93,14651.88,27842.0,fin;impt;inf;pant;praet,5
127,śmierć,noun,33099.0,405.3,14634.98,33099.0,subst,1
128,pieniądz,noun,32895.0,402.8,14626.54,32895.0,subst,1
129,próbować,verb,28499.0,348.97,14624.74,28499.0,fin;imps;impt;inf;pcon;praet,6
130,tydzień,noun,28092.0,343.99,14558.03,28092.0,subst,1
131,spotkanie,noun,31131.0,381.2,14421.47,31131.0,subst,1
132,pójść,verb,28653.0,350.85,14268.87,28653.0,fin;impt;inf;praet,4
133,ruch,noun,30682.0,375.71,14257.33,30682.0,subst,1
134,informacja,noun,30939.0,378.85,14236.63,30939.0,subst,1
135,możliwość,noun,27804.0,340.46,14219.93,27804.0,subst,1
136,przyjść,verb,26612.0,325.87,14141.39,26612.0,fin;impt;inf;pant;praet,5
137,potrafić,verb,27459.0,336.24,14116.42,27459.0,fin;imps;inf;pcon;praet,5
138,główny,adjective,26855.0,328.84,14039.33,26855.0,adj,1
139,pojawić,verb,24866.0,304.48,13957.62,24866.0,fin;inf;pant;praet,4
140,bliski,adjective,24896.0,304.85,13952.35,24896.0,adj;adjp,2
141,niektóry,adjective,25258.0,309.29,13880.09,25258.0,adj,1
142,zmienić,verb,23938.0,293.12,13793.58,23938.0,fin;imps;impt;inf;pant;praet,6
143,twarz,noun,33518.0,410.43,13763.87,33518.0,subst,1
144,szkoła,noun,37807.0,462.95,13740.08,37807.0,subst,1
145,Warszawa,noun,34641.0,424.18,13636.37,34641.0,subst,1
146,matka,noun,37167.0,455.12,13541.78,37167.0,subst,1
147,większość,noun,25171.0,308.22,13482.16,25171.0,subst,1
148,jedyny,adjective,22991.0,281.53,13428.81,22991.0,adj,1
149,społeczny,adjective,35350.0,432.86,13393.47,35350.0,adj;adja,2
150,decyzja,noun,28818.0,352.88,13295.38,28818.0,subst,1
151,zaczynać,verb,26165.0,320.4,13292.85,26165.0,fin;imps;impt;inf;pcon;praet,6
152,wojna,noun,36333.0,444.9,13211.08,36333.0,subst,1
153,dostać,verb,24126.0,295.43,13083.63,24126.0,fin;inf;pant;praet,4
154,udział,noun,27271.0,333.94,13044.18,27271.0,subst,1
155,podobny,adjective,22947.0,280.99,13008.51,22947.0,adj,1
156,ulica,noun,29888.0,365.98,12976.29,29888.0,subst,1
157,ciało,noun,32229.0,394.65,12939.44,32229.0,subst,1
158,zasada,noun,26462.0,324.03,12932.61,26462.0,subst,1
159,brać,verb,22967.0,281.23,12924.04,22967.0,fin;imps;impt;inf;pcon;praet,6
160,dojść,verb,23272.0,284.96,12875.83,23272.0,fin;impt;inf;pant;praet,5
161,woda,noun,32388.0,396.6,12848.53,32388.0,subst,1
162,znajdować,verb,24075.0,294.8,12682.52,24075.0,fin;imps;impt;inf;pcon;praet,6
163,działanie,noun,28304.0,346.59,12516.55,28304.0,subst,1
164,rząd,noun,31671.0,387.82,12503.09,31671.0,subst,1
165,firma,noun,38200.0,467.77,12499.5,38200.0,subst,1
166,ziemia,noun,27726.0,339.51,12496.87,27726.0,subst,1
167,mieszkaniec,noun,31216.0,382.25,12471.05,31216.0,subst,1
168,wzgląd,noun,22898.0,280.39,12363.94,22898.0,subst,1
169,punkt,noun,24525.0,300.31,12314.68,24525.0,subst,1
170,ogół,noun,22216.0,272.04,12225.16,22216.0,subst,1
171,samochód,noun,31171.0,381.69,12171.09,31171.0,subst,1
172,prosić,verb,25936.0,317.59,12140.22,25936.0,fin;imps;impt;inf;pcon;praet,6
173,szukać,verb,21857.0,267.63,12139.01,21857.0,fin;imps;impt;inf;pcon;praet,6
174,prawdziwy,adjective,22046.0,269.96,12109.91,22046.0,adj,1
175,rada,noun,27430.0,335.88,11980.73,27430.0,subst,1
176,noc,noun,25641.0,313.98,11924.52,25641.0,subst,1
177,liczyć,verb,20951.0,256.55,11769.38,20951.0,fin;imps;impt;inf;pcon;praet,6
178,rola,noun,24634.0,301.65,11701.85,24634.0,subst,1
179,nadzieja,noun,21543.0,263.8,11643.22,21543.0,subst,1
180,działać,verb,21366.0,261.63,11618.5,21366.0,fin;imps;impt;inf;pcon;praet,6
181,trzeci,adjective,20810.0,254.82,11601.88,20810.0,adj,1
182,tysiąc,noun,24911.0,305.04,11575.7,24911.0,subst,1
183,drzwi,noun,30488.0,373.33,11558.03,30488.0,subst,1
184,bóg,noun,35043.0,429.11,11491.29,35043.0,subst,1
185,fakt,noun,21593.0,264.41,11484.19,21593.0,subst,1
186,rozumieć,verb,23167.0,283.68,11453.5,23167.0,fin;imps;inf;pcon;praet,5
187,związany,adjective,22844.0,279.73,11437.08,22844.0,adj,1
188,brak,noun,21451.0,262.67,11393.96,21451.0,subst,1
189,plan,noun,22655.0,277.41,11359.77,22655.0,subst,1
190,wynik,noun,25041.0,306.63,11357.73,25041.0,subst,1
191,wspólny,adjective,21405.0,262.11,11350.44,21405.0,adj,1
192,trwać,verb,20049.0,245.5,11189.58,20049.0,fin;impt;inf;pcon;praet,5
193,polityczny,adjective,33142.0,405.83,11184.73,33142.0,adj;adja,2
194,granica,noun,22676.0,277.67,11133.99,22676.0,subst,1
195,stanowić,verb,23367.0,286.13,11117.16,23367.0,fin;imps;inf;pcon;praet,5
196,wejść,verb,20859.0,255.42,11063.92,20859.0,fin;impt;inf;pant;praet,5
197,daleki,adjective,19540.0,239.27,11028.04,19540.0,adj;adjp,2
198,okazja,noun,19430.0,237.92,11010.15,19430.0,subst,1
199,góra,noun,22828.0,279.53,10996.29,22828.0,subst,1
200,oznaczać,verb,21059.0,257.87,10925.36,21059.0,fin;imps;inf;pcon;praet,5
201,system,noun,29418.0,360.23,10903.73,29418.0,subst,1
202,język,noun,26227.0,321.15,10853.14,26227.0,subst,1
203,postać,noun,21919.0,268.4,10820.16,21919.0,subst,1
204,stawać,verb,21374.0,261.73,10789.21,21374.0,fin;impt;inf;pcon;praet,5
205,trafić,verb,19572.0,239.66,10687.96,19572.0,fin;imps;impt;inf;pant;praet,6
206,piękny,adjective,21377.0,261.76,10675.08,21377.0,adj,1
207,serce,noun,22409.0,274.4,10655.91,22409.0,subst,1
208,znany,adjective,19449.0,238.16,10614.85,19449.0,adj,1
209,pomóc,verb,19498.0,238.76,10583.63,19498.0,fin;impt;inf;praet,4
210,słyszeć,verb,21684.0,265.53,10560.64,21684.0,fin;imps;impt;inf;pant;pcon;praet,7
211,siedzieć,verb,23583.0,288.77,10548.86,23583.0,fin;imps;impt;inf;pcon;praet,6
212,odpowiedź,noun,19093.0,233.8,10459.39,19093.0,subst,1
213,projekt,noun,29530.0,361.6,10421.76,29530.0,subst,1
214,rodzaj,noun,20234.0,247.77,10384.3,20234.0,subst,1
215,wrażenie,noun,19283.0,236.12,10356.41,19283.0,subst,1
216,patrzeć,verb,22255.0,272.51,10318.82,22255.0,fin;impt;inf;pcon;praet,5
217,forma,noun,22266.0,272.65,10309.83,22266.0,subst,1
218,szansa,noun,19222.0,235.38,10265.88,19222.0,subst,1
219,walka,noun,22409.0,274.4,10217.97,22409.0,subst,1
220,dziać,verb,18544.0,227.08,10215.57,18544.0,fin;inf;praet,3
221,połowa,noun,18907.0,231.52,10213.79,18907.0,subst,1
222,czarny,adjective,21741.0,266.23,10194.7,21741.0,adj;adja,2
223,kultura,noun,27606.0,338.04,10179.59,27606.0,subst,1
224,biały,adjective,21389.0,261.91,10178.94,21389.0,adj;adja,2
225,istnieć,verb,19495.0,238.72,10172.35,19495.0,fin;inf;pcon;praet,4
226,okres,noun,23154.0,283.52,10134.28,23154.0,subst,1
227,opowiadać,verb,20485.0,250.84,10122.8,20485.0,fin;imps;impt;inf;pcon;praet,6
228,trudny,adjective,18560.0,227.27,10084.81,18560.0,adj,1
229,uznać,verb,18707.0,229.06,10070.36,18707.0,fin;imps;impt;inf;pant;praet,6
230,pozwolić,verb,17642.0,216.04,10051.61,17642.0,fin;imps;impt;inf;pant;praet,6
231,publiczny,adjective,24225.0,296.64,10028.07,24225.0,adj;adja,2
232,szczęście,noun,18716.0,229.18,9963.81,18716.0,subst,1
233,czytać,verb,20054.0,245.57,9960.45,20054.0,fin;imps;impt;inf;pcon;praet,6
234,pomysł,noun,18981.0,232.43,9941.39,18981.0,subst,1
235,kolej,noun,19018.0,232.88,9927.77,19018.0,subst,1
236,spotkać,verb,17639.0,216.0,9918.43,17639.0,fin;imps;impt;inf;pant;praet,6
237,rozmawiać,verb,19118.0,234.11,9915.92,19118.0,fin;imps;impt;inf;pcon;praet,6
238,lubić,verb,21449.0,262.65,9897.08,21449.0,fin;imps;inf;pcon;praet,5
239,ciekawy,adjective,17918.0,219.4,9884.1,17918.0,adj;adjc,2
240,program,noun,26349.0,322.65,9852.97,26349.0,subst,1
241,pokój,noun,24531.0,300.39,9843.75,24531.0,subst,1
242,wpływ,noun,19754.0,241.89,9791.86,19754.0,subst,1
243,potrzeba,noun,19232.0,235.5,9783.61,19232.0,subst,1
244,starać,verb,18597.0,227.72,9767.5,18597.0,fin;imps;impt;inf;pcon;praet,6
245,teren,noun,22371.0,273.94,9746.1,22371.0,subst,1
246,rodzic,noun,26290.0,321.93,9732.29,26290.0,subst,1
247,wracać,verb,19141.0,234.39,9692.14,19141.0,fin;imps;impt;inf;pcon;praet,6
248,Europa,noun,24682.0,302.24,9666.78,24682.0,subst,1
249,podstawa,noun,20943.0,256.45,9625.03,20943.0,subst,1
250,dawny,adjective,18293.0,224.0,9587.55,18293.0,adj;adjp,2
251,pytać,verb,20355.0,249.24,9585.33,20355.0,fin;imps;impt;inf;pcon;praet,6
252,Polak,noun,26347.0,322.62,9564.59,26347.0,depr;subst,2
253,rynek,noun,26794.0,328.1,9524.87,26794.0,subst,1
254,żona,noun,23261.0,284.83,9504.69,23261.0,subst,1
255,możliwy,adjective,16939.0,207.42,9493.48,16939.0,adj,1
256,obraz,noun,22789.0,279.06,9479.0,22789.0,subst,1
257,zajmować,verb,16949.0,207.54,9448.47,16949.0,fin;imps;impt;inf;pcon;praet,6
258,liczba,noun,21854.0,267.61,9424.64,21854.0,subst,1
259,przejść,verb,16544.0,202.59,9422.1,16544.0,fin;impt;inf;pant;praet,5
260,kierunek,noun,18412.0,225.46,9354.3,18412.0,subst,1
261,poziom,noun,20660.0,252.99,9353.84,20660.0,subst,1
262,wynikać,verb,18626.0,228.08,9323.16,18626.0,fin;inf;praet,3
263,kwestia,noun,18614.0,227.93,9313.68,18614.0,subst,1
264,wartość,noun,22371.0,273.94,9293.62,22371.0,subst,1
265,skończyć,verb,16524.0,202.34,9276.29,16524.0,fin;imps;impt;inf;pant;praet,6
266,powrót,noun,17145.0,209.94,9265.84,17145.0,subst,1
267,zapytać,verb,24079.0,294.85,9257.04,24079.0,fin;imps;impt;inf;pant;praet,6
268,przypominać,verb,17273.0,211.51,9244.3,17273.0,fin;imps;impt;inf;pcon;praet,6
269,usłyszeć,verb,18748.0,229.58,9236.24,18748.0,fin;imps;impt;inf;pant;praet,6
270,mieszkanie,noun,26182.0,320.6,9223.86,26182.0,subst,1
271,zdjęcie,noun,22230.0,272.21,9217.27,22230.0,subst,1
272,napisać,verb,17881.0,218.95,9197.78,17881.0,fin;imps;impt;inf;pant;praet,6
273,imię,noun,17918.0,219.41,9181.32,17918.0,subst,1
274,film,noun,30095.0,368.52,9163.43,30095.0,subst,1
275,wolny,adjective,17276.0,211.55,9148.08,17276.0,adj;adjp,2
276,mieszkać,verb,18379.0,225.05,9141.38,18379.0,fin;imps;impt;inf;pcon;praet,6
277,sąd,noun,31138.0,381.29,9087.66,31138.0,subst,1
278,pokazać,verb,16212.0,198.52,9077.6,16212.0,fin;imps;impt;inf;praet,5
279,znaczenie,noun,18007.0,220.5,9074.76,18007.0,subst,1
280,kościół,noun,32792.0,401.54,9057.92,32792.0,subst,1
281,zespół,noun,24480.0,299.76,9055.21,24480.0,subst,1
282,wierzyć,verb,17421.0,213.33,9044.69,17421.0,fin;imps;impt;inf;pcon;praet,6
283,tłumaczyć,verb,17398.0,213.03,9035.89,17398.0,fin;imps;impt;inf;pcon;praet,6
284,wystarczyć,verb,16234.0,198.78,9022.0,16234.0,fin;inf;praet,3
285,ciąg,noun,16366.0,200.4,9015.24,16366.0,subst,1
286,krok,noun,18047.0,220.99,9013.1,18047.0,subst,1
287,akcja,noun,21153.0,259.02,8966.26,21153.0,subst,1
288,zauważyć,verb,17603.0,215.56,8964.55,17603.0,fin;imps;impt;inf;pant;praet,6
289,światło,noun,18975.0,232.35,8955.48,18975.0,subst,1
290,noga,noun,20051.0,245.53,8944.49,20051.0,subst,1
291,bać,verb,18649.0,228.35,8928.12,18649.0,fin;imps;impt;inf;pcon;praet,6
292,ogromny,adjective,16504.0,202.09,8922.87,16504.0,adj,1
293,postanowić,verb,16733.0,204.91,8911.93,16733.0,fin;imps;inf;pant;praet,5
294,pora,noun,15774.0,193.16,8881.53,15774.0,subst,1
295,polityka,noun,25097.0,307.32,8835.1,25097.0,subst,1
296,prezydent,noun,28703.0,351.47,8813.73,28703.0,subst,1
297,autor,noun,22613.0,276.9,8803.96,22613.0,subst,1
298,pracownik,noun,25395.0,310.97,8778.58,25395.0,subst,1
299,centrum,noun,19050.0,233.27,8761.92,19050.0,subst,1
300,odpowiedzieć,verb,17953.0,219.85,8734.42,17953.0,fin;imps;impt;inf;praet,5
301,wypadek,noun,17732.0,217.13,8728.61,17732.0,subst,1
302,sens,noun,17837.0,218.42,8727.98,17837.0,subst,1
303,policja,noun,22784.0,278.99,8722.95,22784.0,subst,1
304,badanie,noun,23569.0,288.61,8662.9,23569.0,subst,1
305,cena,noun,21680.0,265.48,8651.11,21680.0,subst,1
306,wniosek,noun,20113.0,246.29,8635.59,20113.0,subst,1
307,pojawiać,verb,16683.0,204.29,8619.38,16683.0,fin;inf;pcon;praet,4
308,pewność,noun,15645.0,191.58,8572.72,15645.0,subst,1
309,proces,noun,20429.0,250.16,8560.37,20429.0,subst,1
310,europejski,adjective,23316.0,285.5,8558.39,23316.0,adj;adja;adjp,3
311,rozwój,noun,21216.0,259.79,8501.06,21216.0,subst,1
312,dziewczyna,noun,24500.0,300.01,8494.59,24500.0,subst,1
313,obecny,adjective,16563.0,202.82,8475.88,16563.0,adj,1
314,trzymać,verb,16636.0,203.7,8454.88,16636.0,fin;imps;impt;inf;pcon;praet,6
315,minuta,noun,18846.0,230.77,8448.71,18846.0,subst,1
316,jasny,adjective,15598.0,191.0,8445.33,15598.0,adj;adja,2
317,zająć,verb,14730.0,180.37,8440.39,14730.0,fin;imps;impt;inf;pant;praet,6
318,próba,noun,16316.0,199.79,8421.35,16316.0,subst,1
319,syn,noun,20929.0,256.28,8411.77,20929.0,depr;subst,2
320,silny,adjective,15720.0,192.49,8400.83,15720.0,adj,1
321,pozwalać,verb,15794.0,193.4,8393.05,15794.0,fin;imps;impt;inf;pcon;praet,6
322,efekt,noun,16268.0,199.2,8387.32,16268.0,subst,1
323,znaczyć,verb,16105.0,197.22,8379.98,16105.0,fin;inf;pcon;praet,4
324,powstać,verb,16212.0,198.51,8356.06,16212.0,fin;impt;inf;pant;praet,5
325,odpowiadać,verb,15565.0,190.6,8350.4,15565.0,fin;imps;impt;inf;pcon;praet,6
326,stopień,noun,16214.0,198.54,8347.38,16214.0,subst,1
327,członek,noun,18435.0,225.74,8268.66,18435.0,subst,1
328,następny,adjective,14605.0,178.84,8263.7,14605.0,adj,1
329,dodać,verb,16514.0,202.22,8249.63,16514.0,fin;imps;impt;inf;pant;praet,6
330,cieszyć,verb,14899.0,182.45,8247.95,14899.0,fin;imps;impt;inf;pcon;praet,6
331,wydarzenie,noun,17177.0,210.34,8242.43,17177.0,subst,1
332,wskazywać,verb,16033.0,196.32,8237.63,16033.0,fin;imps;inf;pcon;praet,5
333,poznać,verb,15253.0,186.78,8232.47,15253.0,fin;imps;impt;inf;pant;praet,6
334,krótki,adjective,14289.0,174.97,8211.43,14289.0,adj,1
335,miłość,noun,21166.0,259.18,8201.19,21166.0,subst,1
336,stanąć,verb,15227.0,186.47,8183.31,15227.0,fin;impt;inf;pant;praet,5
337,relacja,noun,18963.0,232.21,8181.93,18963.0,subst,1
338,zdawać,verb,16171.0,198.01,8167.56,16171.0,fin;imps;impt;inf;pcon;praet,6
339,rzeczywistość,noun,17451.0,213.69,8164.35,17451.0,subst,1
340,potrzebować,verb,15704.0,192.31,8148.29,15704.0,fin;imps;inf;pcon;praet,5
341,gra,noun,19807.0,242.54,8147.79,19807.0,subst,1
342,zrozumieć,verb,15793.0,193.39,8087.44,15793.0,fin;imps;impt;inf;pant;praet,6
343,dowiedzieć,verb,14880.0,182.2,8084.6,14880.0,fin;imps;impt;inf;pant;praet,6
344,leżeć,verb,16606.0,203.34,8068.66,16606.0,fin;impt;inf;pcon;praet,5
345,ludzki,adjective,18337.0,224.54,8065.37,18337.0,adj;adja;adjp,3
346,wychodzić,verb,15342.0,187.88,8039.84,15342.0,fin;imps;impt;inf;pcon;praet,6
347,otrzymać,verb,15688.0,192.11,8029.56,15688.0,fin;imps;inf;pant;praet,5
348,kontakt,noun,16161.0,197.89,8012.89,16161.0,subst,1
349,sztuka,noun,21303.0,260.86,7988.76,21303.0,subst,1
350,narodowy,adjective,20363.0,249.35,7972.56,20363.0,adj;adja,2
351,budynek,noun,20192.0,247.25,7962.61,20192.0,subst,1
352,zadanie,noun,16166.0,197.96,7949.32,16166.0,subst,1
353,wybrać,verb,14012.0,171.58,7944.1,14012.0,fin;imps;impt;inf;pant;praet,6
354,ściana,noun,19252.0,235.74,7942.25,19252.0,subst,1
355,twierdzić,verb,15336.0,187.8,7936.65,15336.0,fin;imps;inf;pcon;praet,5
356,doświadczenie,noun,17240.0,211.11,7927.71,17240.0,subst,1
357,okno,noun,19510.0,238.9,7862.22,19510.0,subst,1
358,niski,adjective,15522.0,190.07,7814.63,15522.0,adj,1
359,dłoń,noun,22019.0,269.63,7808.91,22019.0,subst,1
360,pomyśleć,verb,18989.0,232.53,7807.5,18989.0,fin;imps;impt;inf;pant;praet,6
361,stracić,verb,13663.0,167.31,7795.63,13663.0,fin;imps;impt;inf;pant;praet,6
362,grać,verb,16068.0,196.74,7794.12,16068.0,fin;imps;impt;inf;pcon;praet,6
363,przyznać,verb,14388.0,176.18,7791.88,14388.0,fin;imps;impt;inf;praet,5
364,przyjąć,verb,13564.0,166.1,7784.51,13564.0,fin;imps;impt;inf;pant;praet,6
365,nazywać,verb,14393.0,176.24,7783.94,14393.0,fin;imps;impt;inf;pcon;praet,6
366,element,noun,16313.0,199.76,7761.83,16313.0,subst,1
367,jechać,verb,16716.0,204.69,7741.34,16716.0,fin;impt;inf;pcon;praet,5
368,dotyczyć,verb,14939.0,182.93,7727.44,14939.0,fin;inf;praet,3
369,stwierdzić,verb,14919.0,182.7,7682.72,14919.0,fin;imps;inf;pant;praet,5
370,koszt,noun,19583.0,239.8,7649.6,19583.0,subst,1
371,rozpocząć,verb,14619.0,179.01,7625.16,14619.0,fin;imps;impt;inf;pant;praet,6
372,odbyć,verb,15586.0,190.85,7618.97,15586.0,bedzie;fin;imps;inf;pant;praet,6
373,wieczór,noun,15489.0,189.67,7609.98,15489.0,subst,1
374,zmieniać,verb,13396.0,164.04,7587.27,13396.0,fin;imps;impt;inf;pcon;praet,6
375,pokazywać,verb,14315.0,175.29,7564.51,14315.0,fin;imps;impt;inf;pcon;praet,6
376,dziwny,adjective,14469.0,177.18,7547.94,14469.0,adj,1
377,czerwony,adjective,15738.0,192.72,7547.44,15738.0,adj;adja,2
378,szpital,noun,21551.0,263.9,7535.09,21551.0,subst,1
379,Jan,noun,21569.0,264.12,7508.58,21569.0,subst,1
380,miejski,adjective,19059.0,233.38,7491.48,19059.0,adj;adja;adjp,3
381,charakter,noun,15424.0,188.87,7489.49,15424.0,subst,1
382,wchodzić,verb,13643.0,167.06,7436.1,13643.0,fin;imps;impt;inf;pcon;praet,6
383,kolega,noun,16035.0,196.35,7435.08,16035.0,subst,1
384,wolność,noun,17981.0,220.18,7410.49,17981.0,subst,1
385,pozostawać,verb,14163.0,173.42,7399.97,14163.0,fin;inf;pcon;praet,4
386,obowiązek,noun,15687.0,192.09,7395.36,15687.0,subst,1
387,pamięć,noun,16180.0,198.13,7386.26,16180.0,subst,1
388,mąż,noun,19714.0,241.4,7382.96,19714.0,subst,1
389,działalność,noun,18821.0,230.47,7355.11,18821.0,subst,1
390,pozostać,verb,12973.0,158.85,7348.33,12973.0,fin;imps;impt;inf;praet,5
391,przyjaciel,noun,15910.0,194.82,7344.81,15910.0,subst,1
392,wydać,verb,12956.0,158.64,7332.73,12956.0,fin;imps;impt;inf;pant;praet,6
393,organizacja,noun,18649.0,228.36,7326.01,18649.0,subst,1
394,kupić,verb,14299.0,175.09,7325.91,14299.0,fin;imps;impt;inf;pant;praet,6
395,szef,noun,17676.0,216.45,7290.59,17676.0,subst,1
396,przestać,verb,13749.0,168.36,7288.58,13749.0,fin;imps;impt;inf;praet,5
397,tworzyć,verb,13609.0,166.65,7274.21,13609.0,fin;imps;impt;inf;pcon;praet,6
398,dodawać,verb,15249.0,186.73,7258.58,15249.0,fin;imps;impt;inf;pcon;praet,6
399,tytuł,noun,15843.0,194.0,7223.94,15843.0,subst,1
400,zdrowie,noun,16858.0,206.43,7218.75,16858.0,subst,1
401,poważny,adjective,12763.0,156.29,7190.08,12763.0,adj,1
402,otworzyć,verb,14896.0,182.4,7185.88,14896.0,fin;imps;impt;inf;pant;praet,6
403,zatrzymać,verb,13867.0,169.8,7143.39,13867.0,fin;imps;impt;inf;pant;praet,6
404,typ,noun,14327.0,175.44,7106.82,14327.0,subst,1
405,gotowy,adjective,12690.0,155.39,7099.49,12690.0,adj;adjc,2
406,tekst,noun,17943.0,219.71,7087.38,17943.0,subst,1
407,los,noun,13575.0,166.23,7074.78,13575.0,subst,1
408,środowisko,noun,16893.0,206.86,7065.16,16893.0,subst,1
409,ramy,noun,15146.0,185.47,7064.64,15146.0,subst,1
410,walczyć,verb,12910.0,158.09,7037.69,12910.0,fin;imps;impt;inf;pcon;praet,6
411,przyszłość,noun,13571.0,166.18,7025.02,13571.0,subst,1
412,specjalny,adjective,13511.0,165.44,6988.98,13511.0,adj,1
413,potrzebny,adjective,12264.0,150.17,6985.47,12264.0,adj,1
414,źródło,noun,14300.0,175.11,6971.9,14300.0,subst,1
415,zdecydować,verb,12388.0,151.7,6966.14,12388.0,fin;imps;impt;inf;praet,5
416,pewny,adjective,13053.0,159.84,6959.68,13053.0,adj,1
417,lekarz,noun,19603.0,240.04,6953.89,19603.0,subst,1
418,przypomnieć,verb,13474.0,165.0,6936.68,13474.0,fin;imps;impt;inf;pant;praet,6
419,wybór,noun,13719.0,167.99,6931.52,13719.0,subst,1
420,zabrać,verb,13079.0,160.15,6918.98,13079.0,fin;imps;impt;inf;pant;praet,6
421,poczuć,verb,16550.0,202.66,6915.77,16550.0,fin;impt;inf;pant;praet,5
422,budowa,noun,18198.0,222.84,6909.22,18198.0,subst,1
423,przestrzeń,noun,16522.0,202.31,6895.21,16522.0,subst,1
424,odpowiedni,adjective,12715.0,155.7,6874.8,12715.0,adj,1
425,spojrzeć,verb,19844.0,242.99,6872.9,19844.0,fin;impt;inf;pant;praet,5
426,brat,noun,17759.0,217.46,6870.37,17759.0,subst,1
427,słuchać,verb,13972.0,171.09,6859.69,13972.0,fin;imps;impt;inf;pcon;praet,6
428,służba,noun,16580.0,203.02,6847.62,16580.0,subst,1
429,usta,noun,16785.0,205.54,6841.5,16785.0,subst,1
430,stanowisko,noun,16047.0,196.5,6838.45,16047.0,subst,1
431,telefon,noun,16954.0,207.6,6836.4,16954.0,subst,1
432,ciężki,adjective,12319.0,150.85,6816.35,12319.0,adj,1
433,urząd,noun,16891.0,206.83,6803.48,16891.0,subst,1
434,zwrócić,verb,12262.0,150.13,6802.3,12262.0,fin;imps;impt;inf;pant;praet,6
435,dokument,noun,15895.0,194.64,6781.3,15895.0,subst,1
436,przyjechać,verb,13654.0,167.18,6777.9,13654.0,fin;impt;inf;pant;praet,5
437,podjąć,verb,12074.0,147.85,6774.41,12074.0,fin;imps;impt;inf;pant;praet,6
438,rozwiązanie,noun,14883.0,182.24,6765.87,14883.0,subst,1
439,zastanawiać,verb,13587.0,166.38,6748.14,13587.0,fin;imps;impt;inf;pcon;praet,6
440,zależeć,verb,12219.0,149.62,6744.61,12219.0,fin;inf;praet,3
441,kończyć,verb,11893.0,145.63,6729.26,11893.0,fin;imps;impt;inf;pcon;praet,6
442,przychodzić,verb,13135.0,160.84,6718.36,13135.0,fin;impt;inf;pcon;praet,5
443,bezpieczeństwo,noun,15453.0,189.22,6707.53,15453.0,subst,1
444,wiedza,noun,13962.0,170.97,6705.51,13962.0,subst,1
445,ramię,noun,17002.0,208.19,6701.96,17002.0,subst,1
446,niemiecki,adjective,18527.0,226.86,6699.76,18527.0,adj;adja;adjp,3
447,wymagać,verb,12650.0,154.9,6688.58,12650.0,fin;imps;impt;inf;pcon;praet,6
448,krew,noun,15304.0,187.4,6677.62,15304.0,subst,1
449,nazwa,noun,13853.0,169.63,6676.61,13853.0,subst,1
450,pozycja,noun,13249.0,162.24,6658.83,13249.0,subst,1
451,nauka,noun,15697.0,192.21,6638.87,15697.0,subst,1
452,dotrzeć,verb,12616.0,154.48,6621.63,12616.0,fin;inf;pant;praet,4
453,znak,noun,13042.0,159.7,6618.56,13042.0,subst,1
454,gość,noun,14392.0,176.23,6604.64,14392.0,subst,1
455,ustawa,noun,24262.0,297.09,6581.68,24262.0,subst,1
456,święty,adjective,16850.0,206.33,6571.5,16850.0,adj,1
457,córka,noun,17045.0,208.72,6569.2,17045.0,subst,1
458,materiał,noun,13815.0,169.17,6567.57,13815.0,subst,1
459,brakować,verb,11814.0,144.67,6559.67,11814.0,fin;inf;praet,3
460,warunki,noun,13420.0,164.33,6538.32,13420.0,subst,1
461,dyrektor,noun,17717.0,216.95,6534.12,17717.0,subst,1
462,pozostały,adjective,11999.0,146.93,6529.0,11999.0,adj,1
463,poczucie,noun,13331.0,163.24,6511.59,13331.0,subst,1
464,scena,noun,15453.0,189.22,6504.89,15453.0,subst,1
465,minister,noun,19707.0,241.32,6484.61,19707.0,subst,1
466,opinia,noun,13521.0,165.57,6471.86,13521.0,subst,1
467,sukces,noun,13292.0,162.76,6460.53,13292.0,subst,1
468,numer,noun,13944.0,170.75,6455.12,13944.0,subst,1
469,porządek,noun,12635.0,154.72,6444.44,12635.0,subst,1
470,powietrze,noun,13767.0,168.58,6436.72,13767.0,subst,1
471,podstawowy,adjective,13350.0,163.47,6410.12,13350.0,adj,1
472,ruszyć,verb,13787.0,168.82,6401.28,13787.0,fin;imps;impt;inf;praet,5
473,ofiara,noun,14878.0,182.18,6400.09,14878.0,subst,1
474,korzystać,verb,11690.0,143.16,6394.9,11690.0,fin;imps;impt;inf;pcon;praet,6
475,duch,noun,14406.0,176.4,6383.03,14406.0,subst,1
476,stół,noun,15224.0,186.42,6378.37,15224.0,subst,1
477,pomagać,verb,11823.0,144.79,6337.96,11823.0,fin;imps;impt;inf;pcon;praet,6
478,gazeta,noun,13878.0,169.94,6335.99,13878.0,subst,1
479,skutek,noun,12186.0,149.22,6326.26,12186.0,subst,1
480,właściciel,noun,14345.0,175.66,6322.29,14345.0,subst,1
481,linia,noun,15119.0,185.13,6318.76,15119.0,subst,1
482,prezes,noun,18463.0,226.08,6318.33,18463.0,subst,1
483,uczyć,verb,12269.0,150.24,6314.47,12269.0,fin;imps;impt;inf;pcon;praet,6
484,wspominać,verb,13479.0,165.05,6303.63,13479.0,fin;imps;impt;inf;pcon;praet,6
485,medium,noun,15194.0,186.05,6296.29,15194.0,subst,1
486,choroba,noun,16113.0,197.31,6284.22,16113.0,subst,1
487,były,adjective,14080.0,172.41,6266.52,14080.0,adj,1
488,niewielki,adjective,11618.0,142.26,6265.29,11618.0,adj,1
489,Paweł,noun,18780.0,229.96,6259.98,18780.0,subst,1
490,szeroki,adjective,11420.0,139.84,6256.54,11420.0,adj,1
491,partia,noun,19206.0,235.18,6252.92,19206.0,subst,1
492,racja,noun,11532.0,141.21,6161.71,11532.0,subst,1
493,pole,noun,12635.0,154.72,6151.67,12635.0,subst,1
494,list,noun,16548.0,202.63,6142.82,16548.0,subst,1
495,amerykański,adjective,15504.0,189.86,6097.45,15504.0,adj;adja;adjp,3
496,klasa,noun,15560.0,190.53,6091.66,15560.0,subst,1
497,umowa,noun,19619.0,240.24,6084.33,19619.0,subst,1
498,mama,noun,21559.0,263.99,6079.39,21559.0,subst,1
499,przepis,noun,17361.0,212.59,6070.72,17361.0,subst,1
500,społeczeństwo,noun,15697.0,192.21,6066.23,15697.0,subst,1
